"detail_id","run_main_id","expiry_str","expiry_date","days_to_expiry","future_price","open_interest","spot_price","premium_pct","annualized_pct","curve","instrument_name"
"41","9","02 Jan 2026","2026-01-02",1,"87898.08000000","20541730.00","87901.57000000","-0.003970","-1.450170","Flat","BTC-2JAN26"
"42","9","09 Jan 2026","2026-01-09",8,"87997.81000000","9708410.00","87901.57000000","0.109486","4.998725","Flat","BTC-9JAN26"
"43","9","30 Jan 2026","2026-01-30",29,"88207.62000000","173061430.00","87901.57000000","0.348174","4.385186","Flat","BTC-30JAN26"
"44","9","27 Feb 2026","2026-02-27",57,"88483.81000000","86041370.00","87901.57000000","0.662377","4.244444","Flat","BTC-27FEB26"
"45","9","27 Mar 2026","2026-03-27",85,"88815.46000000","439898550.00","87901.57000000","1.039674","4.467541","Contango","BTC-27MAR26"
"46","9","26 Jun 2026","2026-06-26",176,"89767.76000000","182034630.00","87901.57000000","2.123045","4.405922","Contango","BTC-26JUN26"
"47","9","25 Sep 2026","2026-09-25",267,"90826.89000000","103895260.00","87901.57000000","3.327950","4.552560","Contango","BTC-25SEP26"
"48","9","25 Dec 2026","2026-12-25",358,"91871.22000000","4125720.00","87901.57000000","4.516017","4.607473","Contango","BTC-25DEC26"
"49","10","02 Jan 2026","2026-01-02",1,"2983.08000000","10286632.00","2984.83000000","-0.058630","-21.414536","Flat","ETH-2JAN26"
"50","10","09 Jan 2026","2026-01-09",8,"2986.80000000","2830429.00","2984.83000000","0.066000","3.013331","Flat","ETH-9JAN26"
"51","10","30 Jan 2026","2026-01-30",29,"2991.10000000","52284807.00","2984.83000000","0.210062","2.645697","Flat","ETH-30JAN26"
"52","10","27 Feb 2026","2026-02-27",57,"2999.74000000","2749823.00","2984.83000000","0.499526","3.200910","Flat","ETH-27FEB26"
"53","10","27 Mar 2026","2026-03-27",85,"3009.97000000","117976050.00","2984.83000000","0.842259","3.619237","Flat","ETH-27MAR26"
"54","10","26 Jun 2026","2026-06-26",176,"3033.24000000","53507873.00","2984.83000000","1.621868","3.365837","Contango","ETH-26JUN26"
"55","10","25 Sep 2026","2026-09-25",267,"3061.92000000","27167617.00","2984.83000000","2.582727","3.533112","Contango","ETH-25SEP26"
"56","10","25 Dec 2026","2026-12-25",358,"3092.36000000","1661670.00","2984.83000000","3.602550","3.675507","Contango","ETH-25DEC26"
"57","11","02 Jan 2026","2026-01-02",1,"87888.05000000","20542240.00","87894.61000000","-0.007463","-2.726037","Flat","BTC-2JAN26"
"58","11","09 Jan 2026","2026-01-09",8,"87982.25000000","9708650.00","87894.61000000","0.099710","4.552399","Flat","BTC-9JAN26"
"59","11","30 Jan 2026","2026-01-30",29,"88192.83000000","173061430.00","87894.61000000","0.339293","4.273333","Flat","BTC-30JAN26"
"60","11","27 Feb 2026","2026-02-27",57,"88467.15000000","86050740.00","87894.61000000","0.651394","4.174063","Flat","BTC-27FEB26"
"61","11","27 Mar 2026","2026-03-27",85,"88805.87000000","439895980.00","87894.61000000","1.036764","4.455037","Contango","BTC-27MAR26"
"62","11","26 Jun 2026","2026-06-26",176,"89754.63000000","182034630.00","87894.61000000","2.116193","4.391703","Contango","BTC-26JUN26"
"63","11","25 Sep 2026","2026-09-25",267,"90811.15000000","103895260.00","87894.61000000","3.318224","4.539256","Contango","BTC-25SEP26"
"64","11","25 Dec 2026","2026-12-25",358,"91855.72000000","4125720.00","87894.61000000","4.506659","4.597925","Contango","BTC-25DEC26"
"65","12","09 Jan 2026","2026-01-09",7,"3016.93000000","4022402.00","3014.90000000","0.067332","3.513301","Flat","ETH-9JAN26"
"66","12","30 Jan 2026","2026-01-30",28,"3022.05000000","53173611.00","3014.90000000","0.237155","3.093608","Flat","ETH-30JAN26"
"67","12","27 Feb 2026","2026-02-27",56,"3031.78000000","2811787.00","3014.90000000","0.559886","3.651756","Flat","ETH-27FEB26"
"68","12","27 Mar 2026","2026-03-27",84,"3040.97000000","117705772.00","3014.90000000","0.864705","3.759924","Flat","ETH-27MAR26"
"69","12","26 Jun 2026","2026-06-26",175,"3063.69000000","53542529.00","3014.90000000","1.618296","3.377615","Contango","ETH-26JUN26"
"70","12","25 Sep 2026","2026-09-25",266,"3091.13000000","27133791.00","3014.90000000","2.528442","3.471855","Contango","ETH-25SEP26"
"71","12","25 Dec 2026","2026-12-25",357,"3119.66000000","1678067.00","3014.90000000","3.474742","3.555041","Contango","ETH-25DEC26"
"72","13","09 Jan 2026","2026-01-09",7,"88743.72000000","16326960.00","88671.88000000","0.081018","4.227393","Flat","BTC-9JAN26"
"73","13","30 Jan 2026","2026-01-30",28,"88953.52000000","171072400.00","88671.88000000","0.317620","4.143245","Flat","BTC-30JAN26"
"74","13","27 Feb 2026","2026-02-27",56,"89210.05000000","90767970.00","88671.88000000","0.606923","3.958547","Flat","BTC-27FEB26"
"75","13","27 Mar 2026","2026-03-27",84,"89573.89000000","441393870.00","88671.88000000","1.017245","4.423198","Contango","BTC-27MAR26"
"76","13","26 Jun 2026","2026-06-26",175,"90551.05000000","182190860.00","88671.88000000","2.119240","4.423157","Contango","BTC-26JUN26"
"77","13","25 Sep 2026","2026-09-25",266,"91619.25000000","103687930.00","88671.88000000","3.323906","4.564123","Contango","BTC-25SEP26"
"78","13","25 Dec 2026","2026-12-25",357,"92671.48000000","4128570.00","88671.88000000","4.510562","4.614798","Contango","BTC-25DEC26"
"79","14","09 Jan 2026","2026-01-09",6,"3114.68000000","4032951.00","3113.29000000","0.044647","2.717905","Flat","ETH-9JAN26"
"80","14","16 Jan 2026","2026-01-16",13,"3115.84000000","721711.00","3113.29000000","0.081907","2.301269","Flat","ETH-16JAN26"
"81","14","30 Jan 2026","2026-01-30",27,"3119.60000000","53097931.00","3113.29000000","0.202679","2.741803","Flat","ETH-30JAN26"
"82","14","27 Feb 2026","2026-02-27",55,"3129.05000000","3677393.00","3113.29000000","0.506217","3.361740","Flat","ETH-27FEB26"
"83","14","27 Mar 2026","2026-03-27",83,"3138.07000000","118253924.00","3113.29000000","0.795943","3.502627","Flat","ETH-27MAR26"
"84","14","26 Jun 2026","2026-06-26",174,"3164.30000000","53895850.00","3113.29000000","1.638460","3.439353","Contango","ETH-26JUN26"
"85","14","25 Sep 2026","2026-09-25",265,"3191.75000000","27055636.00","3113.29000000","2.520164","3.473546","Contango","ETH-25SEP26"
"86","14","25 Dec 2026","2026-12-25",356,"3222.28000000","1758864.00","3113.29000000","3.500798","3.591760","Contango","ETH-25DEC26"
"87","15","09 Jan 2026","2026-01-09",6,"90177.47000000","50045910.00","90130.23000000","0.052413","3.190644","Flat","BTC-9JAN26"
"88","15","16 Jan 2026","2026-01-16",13,"90262.05000000","2308040.00","90130.23000000","0.146255","4.109204","Flat","BTC-16JAN26"
"89","15","30 Jan 2026","2026-01-30",27,"90432.61000000","173209630.00","90130.23000000","0.335492","4.538466","Flat","BTC-30JAN26"
"90","15","27 Feb 2026","2026-02-27",55,"90672.81000000","129226110.00","90130.23000000","0.601996","3.997798","Flat","BTC-27FEB26"
"91","15","27 Mar 2026","2026-03-27",83,"91086.09000000","445974740.00","90130.23000000","1.060532","4.666980","Contango","BTC-27MAR26"
"92","15","26 Jun 2026","2026-06-26",174,"92106.49000000","184227570.00","90130.23000000","2.192672","4.602720","Contango","BTC-26JUN26"
"93","15","25 Sep 2026","2026-09-25",265,"93225.16000000","101049580.00","90130.23000000","3.433842","4.732871","Contango","BTC-25SEP26"
"94","15","25 Dec 2026","2026-12-25",356,"94305.35000000","4991800.00","90130.23000000","4.632319","4.752681","Contango","BTC-25DEC26"
"95","16","09 Jan 2026","2026-01-09",5,"3138.09000000","4496926.00","3136.59000000","0.047823","3.493444","Flat","ETH-9JAN26"
"96","16","16 Jan 2026","2026-01-16",12,"3139.56000000","896846.00","3136.59000000","0.094689","2.882091","Flat","ETH-16JAN26"
"97","16","30 Jan 2026","2026-01-30",26,"3142.38000000","53430849.00","3136.59000000","0.184595","2.593210","Flat","ETH-30JAN26"
"98","16","27 Feb 2026","2026-02-27",54,"3154.33000000","4057081.00","3136.59000000","0.565582","3.825536","Flat","ETH-27FEB26"
"99","16","27 Mar 2026","2026-03-27",82,"3163.28000000","118315715.00","3136.59000000","0.850924","3.790244","Flat","ETH-27MAR26"
"100","16","26 Jun 2026","2026-06-26",173,"3192.88000000","54105213.00","3136.59000000","1.794624","3.788939","Contango","ETH-26JUN26"
"101","16","25 Sep 2026","2026-09-25",264,"3221.58000000","27262612.00","3136.59000000","2.709631","3.748835","Contango","ETH-25SEP26"
"102","16","25 Dec 2026","2026-12-25",355,"3254.55000000","2101778.00","3136.59000000","3.760772","3.869358","Contango","ETH-25DEC26"
"103","17","09 Jan 2026","2026-01-09",5,"91313.58000000","54267150.00","91265.95000000","0.052188","3.812343","Flat","BTC-9JAN26"
"104","17","16 Jan 2026","2026-01-16",12,"91390.48000000","5376360.00","91265.95000000","0.136447","4.153117","Flat","BTC-16JAN26"
"105","17","30 Jan 2026","2026-01-30",26,"91577.90000000","174266010.00","91265.95000000","0.341803","4.801679","Flat","BTC-30JAN26"
"106","17","27 Feb 2026","2026-02-27",54,"91883.41000000","129970810.00","91265.95000000","0.676550","4.576111","Flat","BTC-27FEB26"
"107","17","27 Mar 2026","2026-03-27",82,"92288.08000000","445040370.00","91265.95000000","1.119947","4.988543","Contango","BTC-27MAR26"
"108","17","26 Jun 2026","2026-06-26",173,"93402.43000000","184314770.00","91265.95000000","2.340939","4.942358","Contango","BTC-26JUN26"
"109","17","25 Sep 2026","2026-09-25",264,"94542.56000000","100392620.00","91265.95000000","3.590178","4.967093","Contango","BTC-25SEP26"
"110","17","25 Dec 2026","2026-12-25",355,"95617.35000000","6798410.00","91265.95000000","4.767824","4.905487","Contango","BTC-25DEC26"
"111","18","09 Jan 2026","2026-01-09",4,"3154.85000000","5293597.00","3153.42000000","0.045348","4.140802","Flat","ETH-9JAN26"
"112","18","16 Jan 2026","2026-01-16",11,"3156.73000000","1207937.00","3153.42000000","0.104965","3.485328","Flat","ETH-16JAN26"
"113","18","30 Jan 2026","2026-01-30",25,"3160.63000000","54154307.00","3153.42000000","0.228641","3.340440","Flat","ETH-30JAN26"
"114","18","27 Feb 2026","2026-02-27",53,"3171.22000000","4626816.00","3153.42000000","0.564467","3.890026","Flat","ETH-27FEB26"
"115","18","27 Mar 2026","2026-03-27",81,"3181.29000000","118477654.00","3153.42000000","0.883802","3.985294","Flat","ETH-27MAR26"
"116","18","26 Jun 2026","2026-06-26",172,"3208.99000000","53387748.00","3153.42000000","1.762214","3.742143","Contango","ETH-26JUN26"
"117","18","25 Sep 2026","2026-09-25",263,"3238.33000000","26949002.00","3153.42000000","2.692632","3.739482","Contango","ETH-25SEP26"
"118","18","25 Dec 2026","2026-12-25",354,"3269.69000000","2155343.00","3153.42000000","3.687108","3.804283","Contango","ETH-25DEC26"
"119","19","09 Jan 2026","2026-01-09",4,"92865.17000000","61921890.00","92839.63000000","0.027510","2.511989","Flat","BTC-9JAN26"
"120","19","16 Jan 2026","2026-01-16",11,"92976.91000000","18267210.00","92839.63000000","0.147868","4.909886","Flat","BTC-16JAN26"
"121","19","30 Jan 2026","2026-01-30",25,"93202.44000000","175506650.00","92839.63000000","0.390792","5.709474","Flat","BTC-30JAN26"
"122","19","27 Feb 2026","2026-02-27",53,"93522.30000000","130017970.00","92839.63000000","0.735322","5.067477","Flat","BTC-27FEB26"
"123","19","27 Mar 2026","2026-03-27",81,"93913.37000000","448757320.00","92839.63000000","1.156554","5.215200","Contango","BTC-27MAR26"
"124","19","26 Jun 2026","2026-06-26",172,"95045.12000000","185280960.00","92839.63000000","2.375591","5.044678","Contango","BTC-26JUN26"
"125","19","25 Sep 2026","2026-09-25",263,"96227.42000000","100066580.00","92839.63000000","3.649077","5.067778","Contango","BTC-25SEP26"
"126","19","25 Dec 2026","2026-12-25",354,"97362.68000000","8143550.00","92839.63000000","4.871896","5.026723","Contango","BTC-25DEC26"
"167","25","09 Jan 2026","2026-01-09",3,"3282.02000000","5422024.00","3282.30000000","-0.008531","-1.038601","Flat","ETH-9JAN26"
"168","25","16 Jan 2026","2026-01-16",10,"3284.17000000","3753225.00","3282.30000000","0.056972","2.080911","Flat","ETH-16JAN26"
"169","25","30 Jan 2026","2026-01-30",24,"3287.51000000","48302080.00","3282.30000000","0.158730","2.415675","Flat","ETH-30JAN26"
"170","25","27 Feb 2026","2026-02-27",52,"3297.71000000","12160983.00","3282.30000000","0.469488","3.297701","Flat","ETH-27FEB26"
"171","25","27 Mar 2026","2026-03-27",80,"3310.20000000","119677848.00","3282.30000000","0.850014","3.880844","Flat","ETH-27MAR26"
"172","25","26 Jun 2026","2026-06-26",171,"3342.63000000","53621226.00","3282.30000000","1.838040","3.925990","Contango","ETH-26JUN26"
"173","25","25 Sep 2026","2026-09-25",262,"3375.65000000","26676371.00","3282.30000000","2.844042","3.964834","Contango","ETH-25SEP26"
"174","25","25 Dec 2026","2026-12-25",353,"3409.15000000","2177421.00","3282.30000000","3.864668","3.998782","Contango","ETH-25DEC26"
"175","26","09 Jan 2026","2026-01-09",3,"93453.85000000","64300650.00","93432.46000000","0.022894","2.787289","Flat","BTC-9JAN26"
"176","26","16 Jan 2026","2026-01-16",10,"93577.16000000","22292710.00","93432.46000000","0.154871","5.656672","Flat","BTC-16JAN26"
"177","26","30 Jan 2026","2026-01-30",24,"93751.17000000","175187950.00","93432.46000000","0.341113","5.191309","Flat","BTC-30JAN26"
"178","26","27 Feb 2026","2026-02-27",52,"94102.47000000","134621430.00","93432.46000000","0.717106","5.036982","Flat","BTC-27FEB26"
"179","26","27 Mar 2026","2026-03-27",80,"94516.24000000","451350170.00","93432.46000000","1.159961","5.295946","Contango","BTC-27MAR26"
"180","26","26 Jun 2026","2026-06-26",171,"95637.92000000","186021560.00","93432.46000000","2.360486","5.041915","Contango","BTC-26JUN26"
"181","26","25 Sep 2026","2026-09-25",262,"96829.58000000","98100030.00","93432.46000000","3.635910","5.068764","Contango","BTC-25SEP26"
"182","26","25 Dec 2026","2026-12-25",353,"97962.92000000","9907960.00","93432.46000000","4.848914","5.017184","Contango","BTC-25DEC26"
"183","27","09 Jan 2026","2026-01-09",2,"3183.98000000","5311975.00","3182.41000000","0.049334","9.009564","Flat","ETH-9JAN26"
"184","27","16 Jan 2026","2026-01-16",9,"3186.18000000","3565695.00","3182.41000000","0.118464","4.807651","Flat","ETH-16JAN26"
"185","27","30 Jan 2026","2026-01-30",23,"3189.18000000","48605415.00","3182.41000000","0.212732","3.378274","Flat","ETH-30JAN26"
"186","27","27 Feb 2026","2026-02-27",51,"3201.42000000","12454355.00","3182.41000000","0.597346","4.278052","Flat","ETH-27FEB26"
"187","27","27 Mar 2026","2026-03-27",79,"3211.51000000","119522106.00","3182.41000000","0.914401","4.227659","Flat","ETH-27MAR26"
"188","27","26 Jun 2026","2026-06-26",170,"3242.66000000","53625331.00","3182.41000000","1.893219","4.067637","Contango","ETH-26JUN26"
"189","27","25 Sep 2026","2026-09-25",261,"3275.94000000","26575608.00","3182.41000000","2.938968","4.112866","Contango","ETH-25SEP26"
"190","27","25 Dec 2026","2026-12-25",352,"3307.98000000","2142154.00","3182.41000000","3.945752","4.094278","Contango","ETH-25DEC26"
"191","28","09 Jan 2026","2026-01-09",2,"91581.24000000","64576490.00","91585.63000000","-0.004793","-0.875382","Flat","BTC-9JAN26"
"192","28","16 Jan 2026","2026-01-16",9,"91697.14000000","22886640.00","91585.63000000","0.121755","4.941220","Flat","BTC-16JAN26"
"193","28","30 Jan 2026","2026-01-30",23,"91867.50000000","179307960.00","91585.63000000","0.307767","4.887468","Flat","BTC-30JAN26"
"194","28","27 Feb 2026","2026-02-27",51,"92203.53000000","133024660.00","91585.63000000","0.674669","4.831822","Flat","BTC-27FEB26"
"195","28","27 Mar 2026","2026-03-27",79,"92625.29000000","449825730.00","91585.63000000","1.135178","5.248402","Contango","BTC-27MAR26"
"196","28","26 Jun 2026","2026-06-26",170,"93712.18000000","185654130.00","91585.63000000","2.321925","4.988725","Contango","BTC-26JUN26"
"197","28","25 Sep 2026","2026-09-25",261,"94857.80000000","98336470.00","91585.63000000","3.572798","4.999865","Contango","BTC-25SEP26"
"198","28","25 Dec 2026","2026-12-25",352,"95983.24000000","9990390.00","91585.63000000","4.801638","4.982381","Contango","BTC-25DEC26"
"199","29","09 Jan 2026","2026-01-09",1,"3097.60000000","5765397.00","3097.66000000","-0.001937","-0.707470","Flat","ETH-9JAN26"
"200","29","16 Jan 2026","2026-01-16",8,"3100.55000000","3753617.00","3097.66000000","0.093296","4.259556","Flat","ETH-16JAN26"
"201","29","30 Jan 2026","2026-01-30",22,"3104.35000000","46966373.00","3097.66000000","0.215969","3.585584","Flat","ETH-30JAN26"
"202","29","27 Feb 2026","2026-02-27",50,"3113.74000000","15019528.00","3097.66000000","0.519102","3.792037","Flat","ETH-27FEB26"
"203","29","27 Mar 2026","2026-03-27",78,"3124.01000000","119460214.00","3097.66000000","0.850642","3.983295","Flat","ETH-27MAR26"
"204","29","26 Jun 2026","2026-06-26",169,"3154.21000000","53769036.00","3097.66000000","1.825572","3.945503","Contango","ETH-26JUN26"
"205","29","25 Sep 2026","2026-09-25",260,"3186.50000000","26520820.00","3097.66000000","2.867971","4.028948","Contango","ETH-25SEP26"
"206","29","25 Dec 2026","2026-12-25",351,"3219.03000000","2278830.00","3097.66000000","3.918119","4.077188","Contango","ETH-25DEC26"
"207","30","09 Jan 2026","2026-01-09",1,"90630.67000000","62338180.00","90693.34000000","-0.069101","-25.239138","Flat","BTC-9JAN26"
"208","30","16 Jan 2026","2026-01-16",8,"90746.09000000","27855070.00","90693.34000000","0.058163","2.655506","Flat","BTC-16JAN26"
"209","30","30 Jan 2026","2026-01-30",22,"90937.14000000","186666180.00","90693.34000000","0.268818","4.462989","Flat","BTC-30JAN26"
"210","30","27 Feb 2026","2026-02-27",50,"91253.41000000","133601390.00","90693.34000000","0.617543","4.511149","Flat","BTC-27FEB26"
"211","30","27 Mar 2026","2026-03-27",78,"91666.84000000","446451720.00","90693.34000000","1.073397","5.026390","Contango","BTC-27MAR26"
"212","30","26 Jun 2026","2026-06-26",169,"92793.20000000","184596070.00","90693.34000000","2.315341","5.004013","Contango","BTC-26JUN26"
"213","30","25 Sep 2026","2026-09-25",260,"93961.31000000","99372180.00","90693.34000000","3.603319","5.061970","Contango","BTC-25SEP26"
"214","30","25 Dec 2026","2026-12-25",351,"95085.05000000","9673010.00","90693.34000000","4.842373","5.038965","Contango","BTC-25DEC26"
"215","31","16 Jan 2026","2026-01-16",7,"3086.72000000","3623652.00","3085.77000000","0.030786","1.606395","Flat","ETH-16JAN26"
"216","31","23 Jan 2026","2026-01-23",14,"3088.56000000","389127.00","3085.77000000","0.090415","2.358864","Flat","ETH-23JAN26"
"217","31","30 Jan 2026","2026-01-30",21,"3090.27000000","45744310.00","3085.77000000","0.145831","2.536413","Flat","ETH-30JAN26"
"218","31","27 Feb 2026","2026-02-27",49,"3099.67000000","15180317.00","3085.77000000","0.450455","3.357727","Flat","ETH-27FEB26"
"219","31","27 Mar 2026","2026-03-27",77,"3109.89000000","120644319.00","3085.77000000","0.781653","3.707774","Flat","ETH-27MAR26"
"220","31","26 Jun 2026","2026-06-26",168,"3140.66000000","53876773.00","3085.77000000","1.778810","3.867325","Contango","ETH-26JUN26"
"221","31","25 Sep 2026","2026-09-25",259,"3171.30000000","26123238.00","3085.77000000","2.771756","3.908817","Contango","ETH-25SEP26"
"222","31","25 Dec 2026","2026-12-25",350,"3203.03000000","2395848.00","3085.77000000","3.800024","3.965596","Contango","ETH-25DEC26"
"223","32","16 Jan 2026","2026-01-16",7,"90599.70000000","29198690.00","90534.78000000","0.071707","3.741582","Flat","BTC-16JAN26"
"224","32","23 Jan 2026","2026-01-23",14,"90678.23000000","1903550.00","90534.78000000","0.158447","4.133779","Flat","BTC-23JAN26"
"225","32","30 Jan 2026","2026-01-30",21,"90745.41000000","194174220.00","90534.78000000","0.232651","4.046464","Flat","BTC-30JAN26"
"226","32","27 Feb 2026","2026-02-27",49,"91016.82000000","128198140.00","90534.78000000","0.532436","3.968823","Flat","BTC-27FEB26"
"227","32","27 Mar 2026","2026-03-27",77,"91418.32000000","447775250.00","90534.78000000","0.975912","4.629246","Flat","BTC-27MAR26"
"228","32","26 Jun 2026","2026-06-26",168,"92520.75000000","184654910.00","90534.78000000","2.193599","4.769119","Contango","BTC-26JUN26"
"229","32","25 Sep 2026","2026-09-25",259,"93709.27000000","99870720.00","90534.78000000","3.506376","4.944803","Contango","BTC-25SEP26"
"230","32","25 Dec 2026","2026-12-25",350,"94792.03000000","10063980.00","90534.78000000","4.702336","4.907224","Contango","BTC-25DEC26"
"231","33","16 Jan 2026","2026-01-16",6,"3095.72000000","5889969.00","3095.46000000","0.008399","0.511313","Flat","ETH-16JAN26"
"232","33","23 Jan 2026","2026-01-23",13,"3097.99000000","653683.00","3095.46000000","0.081733","2.296372","Flat","ETH-23JAN26"
"233","33","30 Jan 2026","2026-01-30",20,"3099.84000000","45818795.00","3095.46000000","0.141498","2.584099","Flat","ETH-30JAN26"
"234","33","27 Feb 2026","2026-02-27",48,"3109.38000000","15162472.00","3095.46000000","0.449691","3.421866","Flat","ETH-27FEB26"
"235","33","27 Mar 2026","2026-03-27",76,"3120.26000000","120447970.00","3095.46000000","0.801173","3.850376","Flat","ETH-27MAR26"
"236","33","26 Jun 2026","2026-06-26",167,"3149.52000000","53888405.00","3095.46000000","1.746429","3.819659","Contango","ETH-26JUN26"
"237","33","25 Sep 2026","2026-09-25",258,"3179.78000000","26140976.00","3095.46000000","2.723989","3.856345","Contango","ETH-25SEP26"
"238","33","25 Dec 2026","2026-12-25",349,"3210.93000000","2409105.00","3095.46000000","3.730302","3.903991","Contango","ETH-25DEC26"
"239","34","16 Jan 2026","2026-01-16",6,"90731.71000000","28851900.00","90650.18000000","0.089939","5.475046","Flat","BTC-16JAN26"
"240","34","23 Jan 2026","2026-01-23",13,"90824.19000000","1833190.00","90650.18000000","0.191958","5.393273","Flat","BTC-23JAN26"
"241","34","30 Jan 2026","2026-01-30",20,"90887.21000000","195170480.00","90650.18000000","0.261478","4.775236","Flat","BTC-30JAN26"
"242","34","27 Feb 2026","2026-02-27",48,"91194.72000000","113113020.00","90650.18000000","0.600705","4.570988","Flat","BTC-27FEB26"
"243","34","27 Mar 2026","2026-03-27",76,"91590.69000000","447903710.00","90650.18000000","1.037516","4.986219","Contango","BTC-27MAR26"
"244","34","26 Jun 2026","2026-06-26",167,"92710.17000000","184470300.00","90650.18000000","2.272461","4.970158","Contango","BTC-26JUN26"
"245","34","25 Sep 2026","2026-09-25",258,"93910.59000000","99993480.00","90650.18000000","3.596694","5.091832","Contango","BTC-25SEP26"
"246","34","25 Dec 2026","2026-12-25",349,"95005.03000000","10098930.00","90650.18000000","4.804017","5.027700","Contango","BTC-25DEC26"
"263","37","16 Jan 2026","2026-01-16",5,"3123.56000000","5936164.00","3123.17000000","0.012487","0.912198","Flat","ETH-16JAN26"
"264","37","23 Jan 2026","2026-01-23",12,"3125.88000000","1344093.00","3123.17000000","0.086771","2.641087","Flat","ETH-23JAN26"
"265","37","30 Jan 2026","2026-01-30",19,"3127.56000000","45448854.00","3123.17000000","0.140562","2.702126","Flat","ETH-30JAN26"
"266","37","27 Feb 2026","2026-02-27",47,"3136.66000000","15403580.00","3123.17000000","0.431933","3.356670","Flat","ETH-27FEB26"
"267","37","27 Mar 2026","2026-03-27",75,"3146.50000000","120728676.00","3123.17000000","0.746997","3.637878","Flat","ETH-27MAR26"
"268","37","26 Jun 2026","2026-06-26",166,"3176.58000000","53611173.00","3123.17000000","1.710121","3.762782","Contango","ETH-26JUN26"
"269","37","25 Sep 2026","2026-09-25",257,"3207.29000000","25937455.00","3123.17000000","2.693417","3.827901","Contango","ETH-25SEP26"
"270","37","25 Dec 2026","2026-12-25",348,"3238.47000000","2505877.00","3123.17000000","3.691762","3.874759","Contango","ETH-25DEC26"
"271","38","16 Jan 2026","2026-01-16",5,"91335.70000000","26975260.00","91285.32000000","0.055190","4.031600","Flat","BTC-16JAN26"
"272","38","23 Jan 2026","2026-01-23",12,"91424.56000000","4683420.00","91285.32000000","0.152533","4.642715","Flat","BTC-23JAN26"
"273","38","30 Jan 2026","2026-01-30",19,"91505.63000000","194653320.00","91285.32000000","0.241342","4.639486","Flat","BTC-30JAN26"
"274","38","27 Feb 2026","2026-02-27",47,"91805.79000000","113832820.00","91285.32000000","0.570157","4.430851","Flat","BTC-27FEB26"
"275","38","27 Mar 2026","2026-03-27",75,"92208.17000000","446399210.00","91285.32000000","1.010951","4.923332","Contango","BTC-27MAR26"
"276","38","26 Jun 2026","2026-06-26",166,"93334.14000000","184439900.00","91285.32000000","2.244413","4.938386","Contango","BTC-26JUN26"
"277","38","25 Sep 2026","2026-09-25",257,"94530.34000000","100096330.00","91285.32000000","3.554810","5.052119","Contango","BTC-25SEP26"
"278","38","25 Dec 2026","2026-12-25",348,"95635.90000000","10002480.00","91285.32000000","4.765914","5.002156","Contango","BTC-25DEC26"
"279","39","16 Jan 2026","2026-01-16",4,"3106.59000000","6049242.00","3104.75000000","0.059264","5.411547","Flat","ETH-16JAN26"
"280","39","23 Jan 2026","2026-01-23",11,"3108.77000000","1731139.00","3104.75000000","0.129479","4.299292","Flat","ETH-23JAN26"
"281","39","30 Jan 2026","2026-01-30",18,"3110.63000000","45485184.00","3104.75000000","0.189387","3.842983","Flat","ETH-30JAN26"
"282","39","27 Feb 2026","2026-02-27",46,"3120.45000000","15401518.00","3104.75000000","0.505677","4.015184","Flat","ETH-27FEB26"
"283","39","27 Mar 2026","2026-03-27",74,"3130.45000000","120564293.00","3104.75000000","0.827764","4.085686","Flat","ETH-27MAR26"
"284","39","26 Jun 2026","2026-06-26",165,"3160.92000000","53721213.00","3104.75000000","1.809163","4.004830","Contango","ETH-26JUN26"
"285","39","25 Sep 2026","2026-09-25",256,"3191.53000000","26023435.00","3104.75000000","2.795072","3.987891","Contango","ETH-25SEP26"
"286","39","25 Dec 2026","2026-12-25",347,"3222.55000000","2653422.00","3104.75000000","3.794186","3.993736","Contango","ETH-25DEC26"
"287","40","16 Jan 2026","2026-01-16",4,"90536.34000000","26403330.00","90515.92000000","0.022560","2.059971","Flat","BTC-16JAN26"
"288","40","23 Jan 2026","2026-01-23",11,"90647.60000000","7008210.00","90515.92000000","0.145477","4.830503","Flat","BTC-23JAN26"
"289","40","30 Jan 2026","2026-01-30",18,"90744.24000000","194146590.00","90515.92000000","0.252243","5.118429","Flat","BTC-30JAN26"
"290","40","27 Feb 2026","2026-02-27",46,"91043.78000000","115419700.00","90515.92000000","0.583168","4.630482","Flat","BTC-27FEB26"
"291","40","27 Mar 2026","2026-03-27",74,"91441.56000000","447644810.00","90515.92000000","1.022627","5.047492","Contango","BTC-27MAR26"
"292","40","26 Jun 2026","2026-06-26",165,"92606.90000000","184047200.00","90515.92000000","2.310069","5.113652","Contango","BTC-26JUN26"
"293","40","25 Sep 2026","2026-09-25",256,"93763.71000000","99723280.00","90515.92000000","3.588087","5.119331","Contango","BTC-25SEP26"
"294","40","25 Dec 2026","2026-12-25",347,"94842.35000000","10480670.00","90515.92000000","4.779745","5.031129","Contango","BTC-25DEC26"
"295","41","16 Jan 2026","2026-01-16",3,"3127.71000000","7160257.00","3127.41000000","0.009593","1.167899","Flat","ETH-16JAN26"
"296","41","23 Jan 2026","2026-01-23",10,"3131.20000000","2226733.00","3127.41000000","0.121187","4.426338","Flat","ETH-23JAN26"
"297","41","30 Jan 2026","2026-01-30",17,"3133.99000000","43297690.00","3127.41000000","0.210398","4.520457","Flat","ETH-30JAN26"
"298","41","27 Feb 2026","2026-02-27",45,"3143.04000000","15573729.00","3127.41000000","0.499775","4.056504","Flat","ETH-27FEB26"
"299","41","27 Mar 2026","2026-03-27",73,"3153.42000000","121614347.00","3127.41000000","0.831679","4.161241","Flat","ETH-27MAR26"
"300","41","26 Jun 2026","2026-06-26",164,"3184.02000000","54035802.00","3127.41000000","1.810124","4.031389","Contango","ETH-26JUN26"
"301","41","25 Sep 2026","2026-09-25",255,"3215.35000000","26043665.00","3127.41000000","2.811911","4.027650","Contango","ETH-25SEP26"
"302","41","25 Dec 2026","2026-12-25",346,"3247.33000000","2481311.00","3127.41000000","3.834483","4.047818","Contango","ETH-25DEC26"
"303","42","16 Jan 2026","2026-01-16",3,"91977.99000000","26945030.00","91963.44000000","0.015822","1.926268","Flat","BTC-16JAN26"
"304","42","23 Jan 2026","2026-01-23",10,"92093.88000000","5403420.00","91963.44000000","0.141839","5.180669","Flat","BTC-23JAN26"
"305","42","30 Jan 2026","2026-01-30",17,"92173.63000000","196364660.00","91963.44000000","0.228558","4.910641","Flat","BTC-30JAN26"
"306","42","27 Feb 2026","2026-02-27",45,"92477.85000000","101284430.00","91963.44000000","0.559364","4.540168","Flat","BTC-27FEB26"
"307","42","27 Mar 2026","2026-03-27",73,"92897.63000000","447082160.00","91963.44000000","1.015828","5.082617","Contango","BTC-27MAR26"
"308","42","26 Jun 2026","2026-06-26",164,"94070.72000000","184488150.00","91963.44000000","2.291432","5.103327","Contango","BTC-26JUN26"
"309","42","25 Sep 2026","2026-09-25",255,"95276.62000000","100092820.00","91963.44000000","3.602714","5.160358","Contango","BTC-25SEP26"
"310","42","25 Dec 2026","2026-12-25",346,"96400.96000000","10343870.00","91963.44000000","4.825309","5.093769","Contango","BTC-25DEC26"
"311","43","16 Jan 2026","2026-01-16",2,"3381.57000000","7782017.00","3382.80000000","-0.036360","-6.640320","Flat","ETH-16JAN26"
"312","43","23 Jan 2026","2026-01-23",9,"3384.63000000","3721831.00","3382.80000000","0.054097","2.195445","Flat","ETH-23JAN26"
"313","43","30 Jan 2026","2026-01-30",16,"3387.16000000","37472242.00","3382.80000000","0.128887","2.942256","Flat","ETH-30JAN26"
"314","43","27 Feb 2026","2026-02-27",44,"3395.84000000","22180724.00","3382.80000000","0.385479","3.199918","Flat","ETH-27FEB26"
"315","43","27 Mar 2026","2026-03-27",72,"3407.65000000","123094839.00","3382.80000000","0.734599","3.726557","Flat","ETH-27MAR26"
"316","43","26 Jun 2026","2026-06-26",163,"3442.28000000","53564078.00","3382.80000000","1.758307","3.940009","Contango","ETH-26JUN26"
"317","43","25 Sep 2026","2026-09-25",254,"3476.68000000","26238418.00","3382.80000000","2.775216","3.990738","Contango","ETH-25SEP26"
"318","43","25 Dec 2026","2026-12-25",345,"3510.70000000","2951279.00","3382.80000000","3.780892","4.002813","Contango","ETH-25DEC26"
"319","44","16 Jan 2026","2026-01-16",2,"97511.50000000","35471310.00","97522.02000000","-0.010787","-1.970032","Flat","BTC-16JAN26"
"320","44","23 Jan 2026","2026-01-23",9,"97657.05000000","8375970.00","97522.02000000","0.138461","5.619210","Flat","BTC-23JAN26"
"321","44","30 Jan 2026","2026-01-30",16,"97756.53000000","205245960.00","97522.02000000","0.240469","5.489451","Flat","BTC-30JAN26"
"322","44","27 Feb 2026","2026-02-27",44,"98020.99000000","119145430.00","97522.02000000","0.511649","4.247264","Flat","BTC-27FEB26"
"323","44","27 Mar 2026","2026-03-27",72,"98475.99000000","451254090.00","97522.02000000","0.978210","4.962377","Flat","BTC-27MAR26"
"324","44","26 Jun 2026","2026-06-26",163,"99753.67000000","185355120.00","97522.02000000","2.288355","5.127740","Contango","BTC-26JUN26"
"325","44","25 Sep 2026","2026-09-25",254,"101044.68000000","100011130.00","97522.02000000","3.612169","5.194270","Contango","BTC-25SEP26"
"326","44","25 Dec 2026","2026-12-25",345,"102298.00000000","11339310.00","97522.02000000","4.897335","5.184787","Contango","BTC-25DEC26"
"327","45","16 Jan 2026","2026-01-16",1,"3368.41000000","7918645.00","3368.65000000","-0.007125","-2.602229","Flat","ETH-16JAN26"
"328","45","23 Jan 2026","2026-01-23",8,"3370.77000000","3952488.00","3368.65000000","0.062933","2.873295","Flat","ETH-23JAN26"
"329","45","30 Jan 2026","2026-01-30",15,"3372.80000000","36115031.00","3368.65000000","0.123195","2.999792","Flat","ETH-30JAN26"
"330","45","27 Feb 2026","2026-02-27",43,"3381.07000000","22544612.00","3368.65000000","0.368694","3.131753","Flat","ETH-27FEB26"
"331","45","27 Mar 2026","2026-03-27",71,"3391.94000000","122037305.00","3368.65000000","0.691375","3.556686","Flat","ETH-27MAR26"
"332","45","26 Jun 2026","2026-06-26",162,"3425.71000000","53044227.00","3368.65000000","1.693854","3.819013","Contango","ETH-26JUN26"
"333","45","25 Sep 2026","2026-09-25",253,"3461.52000000","26250953.00","3368.65000000","2.756891","3.980057","Contango","ETH-25SEP26"
"334","45","25 Dec 2026","2026-12-25",344,"3498.91000000","3147908.00","3368.65000000","3.866831","4.105698","Contango","ETH-25DEC26"
"335","46","16 Jan 2026","2026-01-16",1,"96986.81000000","75684830.00","96995.35000000","-0.008805","-3.215860","Flat","BTC-16JAN26"
"336","46","23 Jan 2026","2026-01-23",8,"97123.07000000","10515230.00","96995.35000000","0.131676","6.011851","Flat","BTC-23JAN26"
"337","46","30 Jan 2026","2026-01-30",15,"97193.97000000","204275370.00","96995.35000000","0.204773","4.986215","Flat","BTC-30JAN26"
"338","46","27 Feb 2026","2026-02-27",43,"97501.57000000","121302980.00","96995.35000000","0.521901","4.433127","Flat","BTC-27FEB26"
"339","46","27 Mar 2026","2026-03-27",71,"97929.34000000","457693590.00","96995.35000000","0.962922","4.953626","Flat","BTC-27MAR26"
"340","46","26 Jun 2026","2026-06-26",162,"99201.43000000","187841150.00","96995.35000000","2.274418","5.127971","Contango","BTC-26JUN26"
"341","46","25 Sep 2026","2026-09-25",253,"100543.35000000","100073470.00","96995.35000000","3.657907","5.280833","Contango","BTC-25SEP26"
"342","46","25 Dec 2026","2026-12-25",344,"101820.44000000","12772060.00","96995.35000000","4.974558","5.281853","Contango","BTC-25DEC26"
"343","47","23 Jan 2026","2026-01-23",7,"3306.63000000","4634765.00","3304.56000000","0.062641","3.268503","Flat","ETH-23JAN26"
"344","47","30 Jan 2026","2026-01-30",14,"3308.41000000","35636463.00","3304.56000000","0.116506","3.039550","Flat","ETH-30JAN26"
"345","47","27 Feb 2026","2026-02-27",42,"3316.42000000","23567216.00","3304.56000000","0.358898","3.121131","Flat","ETH-27FEB26"
"346","47","27 Mar 2026","2026-03-27",70,"3328.15000000","122023143.00","3304.56000000","0.713862","3.724830","Flat","ETH-27MAR26"
"347","47","26 Jun 2026","2026-06-26",161,"3360.48000000","52880395.00","3304.56000000","1.692207","3.838998","Contango","ETH-26JUN26"
"348","47","25 Sep 2026","2026-09-25",252,"3394.00000000","26180259.00","3304.56000000","2.706563","3.922905","Contango","ETH-25SEP26"
"349","47","25 Dec 2026","2026-12-25",343,"3427.54000000","4679390.00","3304.56000000","3.721524","3.962935","Contango","ETH-25DEC26"
"350","48","23 Jan 2026","2026-01-23",7,"95540.03000000","11571310.00","95465.31000000","0.078269","4.083979","Flat","BTC-23JAN26"
"351","48","30 Jan 2026","2026-01-30",14,"95596.21000000","200697910.00","95465.31000000","0.137118","3.577307","Flat","BTC-30JAN26"
"352","48","27 Feb 2026","2026-02-27",42,"95907.76000000","130571270.00","95465.31000000","0.463467","4.030506","Flat","BTC-27FEB26"
"353","48","27 Mar 2026","2026-03-27",70,"96340.21000000","460324810.00","95465.31000000","0.916459","4.781950","Flat","BTC-27MAR26"
"354","48","26 Jun 2026","2026-06-26",161,"97564.41000000","189597810.00","95465.31000000","2.198809","4.988292","Contango","BTC-26JUN26"
"355","48","25 Sep 2026","2026-09-25",252,"98865.38000000","100321450.00","95465.31000000","3.561576","5.162166","Contango","BTC-25SEP26"
"356","48","25 Dec 2026","2026-12-25",343,"100125.06000000","12505770.00","95465.31000000","4.881092","5.197723","Contango","BTC-25DEC26"
"357","49","23 Jan 2026","2026-01-23",6,"3313.56000000","4654930.00","3313.97000000","-0.012372","-0.753137","Flat","ETH-23JAN26"
"358","49","30 Jan 2026","2026-01-30",13,"3315.60000000","33829979.00","3313.97000000","0.049186","1.381930","Flat","ETH-30JAN26"
"359","49","27 Feb 2026","2026-02-27",41,"3321.69000000","24935999.00","3313.97000000","0.232953","2.075272","Flat","ETH-27FEB26"
"360","49","27 Mar 2026","2026-03-27",69,"3334.12000000","122038030.00","3313.97000000","0.608032","3.218604","Flat","ETH-27MAR26"
"361","49","26 Jun 2026","2026-06-26",160,"3367.50000000","52612827.00","3313.97000000","1.615283","3.687389","Contango","ETH-26JUN26"
"362","49","25 Sep 2026","2026-09-25",251,"3400.22000000","25920109.00","3313.97000000","2.602619","3.787277","Contango","ETH-25SEP26"
"363","49","25 Dec 2026","2026-12-25",342,"3434.61000000","4498894.00","3313.97000000","3.640347","3.887826","Contango","ETH-25DEC26"
"364","50","23 Jan 2026","2026-01-23",6,"95542.01000000","11307300.00","95502.45000000","0.041423","2.521626","Flat","BTC-23JAN26"
"365","50","30 Jan 2026","2026-01-30",13,"95599.22000000","196152260.00","95502.45000000","0.101327","2.846906","Flat","BTC-30JAN26"
"366","50","27 Feb 2026","2026-02-27",41,"95935.23000000","129969070.00","95502.45000000","0.453161","4.037003","Flat","BTC-27FEB26"
"367","50","27 Mar 2026","2026-03-27",69,"96383.65000000","461902600.00","95502.45000000","0.922699","4.884286","Flat","BTC-27MAR26"
"368","50","26 Jun 2026","2026-06-26",160,"97619.49000000","190357280.00","95502.45000000","2.216739","5.060399","Contango","BTC-26JUN26"
"369","50","25 Sep 2026","2026-09-25",251,"98916.59000000","99960750.00","95502.45000000","3.574924","5.202155","Contango","BTC-25SEP26"
"370","50","25 Dec 2026","2026-12-25",342,"100184.68000000","13097180.00","95502.45000000","4.902733","5.236033","Contango","BTC-25DEC26"
"371","51","23 Jan 2026","2026-01-23",5,"3342.54000000","4571169.00","3341.86000000","0.020348","1.486418","Flat","ETH-23JAN26"
"372","51","30 Jan 2026","2026-01-30",12,"3343.94000000","33052027.00","3341.86000000","0.062241","1.894454","Flat","ETH-30JAN26"
"373","51","27 Feb 2026","2026-02-27",40,"3350.69000000","25565903.00","3341.86000000","0.264224","2.412696","Flat","ETH-27FEB26"
"374","51","27 Mar 2026","2026-03-27",68,"3362.25000000","122090008.00","3341.86000000","0.610139","3.277255","Flat","ETH-27MAR26"
"375","51","26 Jun 2026","2026-06-26",159,"3395.54000000","52341067.00","3341.86000000","1.606291","3.689923","Contango","ETH-26JUN26"
"376","51","25 Sep 2026","2026-09-25",250,"3429.42000000","25749013.00","3341.86000000","2.620098","3.827963","Contango","ETH-25SEP26"
"377","51","25 Dec 2026","2026-12-25",341,"3464.44000000","4728506.00","3341.86000000","3.668017","3.928866","Contango","ETH-25DEC26"
"378","52","23 Jan 2026","2026-01-23",5,"95327.44000000","12345930.00","95305.70000000","0.022811","1.666330","Flat","BTC-23JAN26"
"379","52","30 Jan 2026","2026-01-30",12,"95381.97000000","194036530.00","95305.70000000","0.080027","2.435812","Flat","BTC-30JAN26"
"380","52","27 Feb 2026","2026-02-27",40,"95697.15000000","129837950.00","95305.70000000","0.410731","3.750487","Flat","BTC-27FEB26"
"381","52","27 Mar 2026","2026-03-27",68,"96150.35000000","462613530.00","95305.70000000","0.886253","4.760354","Flat","BTC-27MAR26"
"382","52","26 Jun 2026","2026-06-26",159,"97374.20000000","190161350.00","95305.70000000","2.170384","4.985741","Contango","BTC-26JUN26"
"383","52","25 Sep 2026","2026-09-25",250,"98670.04000000","100038530.00","95305.70000000","3.530051","5.157405","Contango","BTC-25SEP26"
"384","52","25 Dec 2026","2026-12-25",341,"99950.39000000","13331540.00","95305.70000000","4.873465","5.220038","Contango","BTC-25DEC26"
"385","53","23 Jan 2026","2026-01-23",4,"3223.64000000","8170136.00","3223.33000000","0.009617","0.878187","Flat","ETH-23JAN26"
"386","53","30 Jan 2026","2026-01-30",11,"3226.75000000","33283316.00","3223.33000000","0.106101","3.523051","Flat","ETH-30JAN26"
"387","53","27 Feb 2026","2026-02-27",39,"3233.65000000","27276930.00","3223.33000000","0.320166","2.998476","Flat","ETH-27FEB26"
"388","53","27 Mar 2026","2026-03-27",67,"3243.80000000","123408875.00","3223.33000000","0.635058","3.462011","Flat","ETH-27MAR26"
"389","53","26 Jun 2026","2026-06-26",158,"3276.12000000","52133943.00","3223.33000000","1.637747","3.785995","Contango","ETH-26JUN26"
"390","53","25 Sep 2026","2026-09-25",249,"3307.80000000","25098177.00","3223.33000000","2.620582","3.844046","Contango","ETH-25SEP26"
"391","53","25 Dec 2026","2026-12-25",340,"3341.66000000","4890250.00","3223.33000000","3.671048","3.943678","Contango","ETH-25DEC26"
"392","54","23 Jan 2026","2026-01-23",4,"93091.00000000","12715660.00","93078.85000000","0.013053","1.191943","Flat","BTC-23JAN26"
"393","54","30 Jan 2026","2026-01-30",11,"93140.94000000","190930340.00","93078.85000000","0.066707","2.214972","Flat","BTC-30JAN26"
"394","54","27 Feb 2026","2026-02-27",39,"93455.15000000","128868590.00","93078.85000000","0.404281","3.786246","Flat","BTC-27FEB26"
"395","54","27 Mar 2026","2026-03-27",67,"93861.44000000","460096800.00","93078.85000000","0.840782","4.583516","Flat","BTC-27MAR26"
"396","54","26 Jun 2026","2026-06-26",158,"95023.91000000","189714300.00","93078.85000000","2.089691","4.830756","Contango","BTC-26JUN26"
"397","54","25 Sep 2026","2026-09-25",249,"96280.06000000","99999560.00","93078.85000000","3.439245","5.044917","Contango","BTC-25SEP26"
"398","54","25 Dec 2026","2026-12-25",340,"97537.86000000","15225660.00","93078.85000000","4.790573","5.146343","Contango","BTC-25DEC26"
"399","55","23 Jan 2026","2026-01-23",3,"3086.87000000","8706050.00","3086.02000000","0.027544","3.353429","Flat","ETH-23JAN26"
"400","55","30 Jan 2026","2026-01-30",10,"3088.61000000","27068457.00","3086.02000000","0.083927","3.065429","Flat","ETH-30JAN26"
"401","55","27 Feb 2026","2026-02-27",38,"3094.71000000","31760684.00","3086.02000000","0.281592","2.706622","Flat","ETH-27FEB26"
"402","55","27 Mar 2026","2026-03-27",66,"3103.38000000","125889423.00","3086.02000000","0.562537","3.113130","Flat","ETH-27MAR26"
"403","55","26 Jun 2026","2026-06-26",157,"3134.80000000","52027844.00","3086.02000000","1.580677","3.677339","Contango","ETH-26JUN26"
"404","55","25 Sep 2026","2026-09-25",248,"3165.67000000","24878248.00","3086.02000000","2.580994","3.801243","Contango","ETH-25SEP26"
"405","55","25 Dec 2026","2026-12-25",339,"3197.58000000","5025400.00","3086.02000000","3.615012","3.894936","Contango","ETH-25DEC26"
"406","56","23 Jan 2026","2026-01-23",3,"90986.98000000","11611460.00","90982.46000000","0.004968","0.604853","Flat","BTC-23JAN26"
"407","56","30 Jan 2026","2026-01-30",10,"91029.04000000","188418830.00","90982.46000000","0.051197","1.869959","Flat","BTC-30JAN26"
"408","56","27 Feb 2026","2026-02-27",38,"91347.68000000","125860250.00","90982.46000000","0.401418","3.858367","Flat","BTC-27FEB26"
"409","56","27 Mar 2026","2026-03-27",66,"91736.67000000","459874100.00","90982.46000000","0.828962","4.587551","Flat","BTC-27MAR26"
"410","56","26 Jun 2026","2026-06-26",157,"92830.93000000","189558160.00","90982.46000000","2.031677","4.726561","Contango","BTC-26JUN26"
"411","56","25 Sep 2026","2026-09-25",248,"94029.26000000","100790110.00","90982.46000000","3.348777","4.932020","Contango","BTC-25SEP26"
"412","56","25 Dec 2026","2026-12-25",339,"95341.31000000","18251240.00","90982.46000000","4.790868","5.161843","Contango","BTC-25DEC26"
"413","57","23 Jan 2026","2026-01-23",2,"2930.30000000","8058376.00","2929.68000000","0.021163","3.864842","Flat","ETH-23JAN26"
"414","57","30 Jan 2026","2026-01-30",9,"2933.17000000","24545259.00","2929.68000000","0.119126","4.834515","Flat","ETH-30JAN26"
"415","57","27 Feb 2026","2026-02-27",37,"2938.97000000","32631017.00","2929.68000000","0.317099","3.130286","Flat","ETH-27FEB26"
"416","57","27 Mar 2026","2026-03-27",65,"2945.98000000","127553944.00","2929.68000000","0.556375","3.126398","Flat","ETH-27MAR26"
"417","57","26 Jun 2026","2026-06-26",156,"2975.43000000","52741864.00","2929.68000000","1.561604","3.656256","Contango","ETH-26JUN26"
"418","57","25 Sep 2026","2026-09-25",247,"3006.30000000","24048524.00","2929.68000000","2.615303","3.867366","Contango","ETH-25SEP26"
"419","57","25 Dec 2026","2026-12-25",338,"3035.60000000","5001644.00","2929.68000000","3.615412","3.906891","Contango","ETH-25DEC26"
"420","58","23 Jan 2026","2026-01-23",2,"88770.33000000","14839960.00","88764.95000000","0.006061","1.106881","Flat","BTC-23JAN26"
"421","58","30 Jan 2026","2026-01-30",9,"88845.45000000","190774950.00","88764.95000000","0.090689","3.680460","Flat","BTC-30JAN26"
"422","58","27 Feb 2026","2026-02-27",37,"89134.02000000","118216110.00","88764.95000000","0.415783","4.104457","Flat","BTC-27FEB26"
"423","58","27 Mar 2026","2026-03-27",65,"89487.91000000","454572950.00","88764.95000000","0.814466","4.576670","Flat","BTC-27MAR26"
"424","58","26 Jun 2026","2026-06-26",156,"90541.24000000","190018390.00","88764.95000000","2.001116","4.685306","Contango","BTC-26JUN26"
"425","58","25 Sep 2026","2026-09-25",247,"91735.12000000","103626910.00","88764.95000000","3.346107","4.948038","Contango","BTC-25SEP26"
"426","58","25 Dec 2026","2026-12-25",338,"93006.92000000","22857650.00","88764.95000000","4.778880","5.164159","Contango","BTC-25DEC26"
"427","59","23 Jan 2026","2026-01-23",1,"2991.26000000","7180664.00","2991.13000000","0.004346","1.587444","Flat","ETH-23JAN26"
"428","59","30 Jan 2026","2026-01-30",8,"2994.43000000","21584110.00","2991.13000000","0.110326","5.037080","Flat","ETH-30JAN26"
"429","59","27 Feb 2026","2026-02-27",36,"3002.22000000","33117309.00","2991.13000000","0.370763","3.761698","Flat","ETH-27FEB26"
"430","59","27 Mar 2026","2026-03-27",64,"3010.04000000","127741612.00","2991.13000000","0.632203","3.608000","Flat","ETH-27MAR26"
"431","59","26 Jun 2026","2026-06-26",155,"3037.83000000","53066870.00","2991.13000000","1.561283","3.679088","Contango","ETH-26JUN26"
"432","59","25 Sep 2026","2026-09-25",246,"3068.05000000","23893942.00","2991.13000000","2.571603","3.818204","Contango","ETH-25SEP26"
"433","59","25 Dec 2026","2026-12-25",337,"3100.08000000","5186444.00","2991.13000000","3.642436","3.947774","Contango","ETH-25DEC26"
"434","60","23 Jan 2026","2026-01-23",1,"89964.69000000","16952080.00","89972.37000000","-0.008536","-3.117757","Flat","BTC-23JAN26"
"435","60","30 Jan 2026","2026-01-30",8,"90061.67000000","191099590.00","89972.37000000","0.099253","4.531506","Flat","BTC-30JAN26"
"436","60","27 Feb 2026","2026-02-27",36,"90323.93000000","116098690.00","89972.37000000","0.390742","3.964405","Flat","BTC-27FEB26"
"437","60","27 Mar 2026","2026-03-27",64,"90684.48000000","455610620.00","89972.37000000","0.791476","4.516980","Flat","BTC-27MAR26"
"438","60","26 Jun 2026","2026-06-26",155,"91691.54000000","190140680.00","89972.37000000","1.910775","4.502650","Contango","BTC-26JUN26"
"439","60","25 Sep 2026","2026-09-25",246,"92857.58000000","104517170.00","89972.37000000","3.206773","4.761276","Contango","BTC-25SEP26"
"440","60","25 Dec 2026","2026-12-25",337,"94131.95000000","24349490.00","89972.37000000","4.623175","5.010726","Contango","BTC-25DEC26"
"441","61","30 Jan 2026","2026-01-30",7,"2936.16000000","22514192.00","2933.23000000","0.099890","5.212111","Flat","ETH-30JAN26"
"442","61","06 Feb 2026","2026-02-06",14,"2936.17000000","660720.00","2933.23000000","0.100231","2.614950","Flat","ETH-6FEB26"
"443","61","27 Feb 2026","2026-02-27",35,"2942.41000000","33394932.00","2933.23000000","0.312966","3.266019","Flat","ETH-27FEB26"
"444","61","27 Mar 2026","2026-03-27",63,"2949.19000000","126524011.00","2933.23000000","0.544110","3.154543","Flat","ETH-27MAR26"
"445","61","26 Jun 2026","2026-06-26",154,"2976.78000000","52501218.00","2933.23000000","1.484711","3.521369","Contango","ETH-26JUN26"
"446","61","25 Sep 2026","2026-09-25",245,"3006.19000000","23661487.00","2933.23000000","2.487360","3.708197","Contango","ETH-25SEP26"
"447","61","25 Dec 2026","2026-12-25",336,"3040.55000000","5108898.00","2933.23000000","3.658765","3.977274","Contango","ETH-25DEC26"
"448","62","30 Jan 2026","2026-01-30",7,"89352.45000000","184407070.00","89254.02000000","0.110281","5.754292","Flat","BTC-30JAN26"
"449","62","06 Feb 2026","2026-02-06",14,"89398.55000000","1167930.00","89254.02000000","0.161931","4.224666","Flat","BTC-6FEB26"
"450","62","27 Feb 2026","2026-02-27",35,"89613.71000000","115351340.00","89254.02000000","0.402996","4.205550","Flat","BTC-27FEB26"
"451","62","27 Mar 2026","2026-03-27",63,"89939.68000000","454145080.00","89254.02000000","0.768212","4.453800","Flat","BTC-27MAR26"
"452","62","26 Jun 2026","2026-06-26",154,"90923.22000000","191788240.00","89254.02000000","1.870168","4.435577","Contango","BTC-26JUN26"
"453","62","25 Sep 2026","2026-09-25",245,"92114.10000000","104047630.00","89254.02000000","3.204427","4.777212","Contango","BTC-25SEP26"
"454","62","25 Dec 2026","2026-12-25",336,"93451.55000000","27444320.00","89254.02000000","4.702903","5.112308","Contango","BTC-25DEC26"
"455","63","30 Jan 2026","2026-01-30",6,"2958.10000000","22297052.00","2956.59000000","0.051072","3.109029","Flat","ETH-30JAN26"
"456","63","06 Feb 2026","2026-02-06",13,"2960.09000000","954502.00","2956.59000000","0.118380","3.326012","Flat","ETH-6FEB26"
"457","63","27 Feb 2026","2026-02-27",34,"2965.15000000","33801125.00","2956.59000000","0.289523","3.110240","Flat","ETH-27FEB26"
"458","63","27 Mar 2026","2026-03-27",62,"2973.36000000","126869754.00","2956.59000000","0.567207","3.341493","Flat","ETH-27MAR26"
"459","63","26 Jun 2026","2026-06-26",153,"3002.32000000","52259150.00","2956.59000000","1.546714","3.692401","Contango","ETH-26JUN26"
"460","63","25 Sep 2026","2026-09-25",244,"3032.35000000","23761027.00","2956.59000000","2.562411","3.835741","Contango","ETH-25SEP26"
"461","63","25 Dec 2026","2026-12-25",335,"3063.72000000","5269349.00","2956.59000000","3.623431","3.950621","Contango","ETH-25DEC26"
"462","64","30 Jan 2026","2026-01-30",6,"89333.28000000","184626050.00","89238.56000000","0.106142","6.461422","Flat","BTC-30JAN26"
"463","64","06 Feb 2026","2026-02-06",13,"89412.20000000","1279150.00","89238.56000000","0.194580","5.466937","Flat","BTC-6FEB26"
"464","64","27 Feb 2026","2026-02-27",34,"89603.60000000","115314110.00","89238.56000000","0.409061","4.394396","Flat","BTC-27FEB26"
"465","64","27 Mar 2026","2026-03-27",62,"89954.19000000","452651790.00","89238.56000000","0.801929","4.724268","Flat","BTC-27MAR26"
"466","64","26 Jun 2026","2026-06-26",153,"90995.88000000","193271100.00","89238.56000000","1.969238","4.701074","Contango","BTC-26JUN26"
"467","64","25 Sep 2026","2026-09-25",244,"92152.67000000","104083110.00","89238.56000000","3.265528","4.888254","Contango","BTC-25SEP26"
"468","64","25 Dec 2026","2026-12-25",335,"93471.66000000","28634080.00","89238.56000000","4.743577","5.171915","Contango","BTC-25DEC26"
"469","65","30 Jan 2026","2026-01-30",5,"2828.01000000","22582866.00","2826.23000000","0.062981","4.600793","Flat","ETH-30JAN26"
"470","65","06 Feb 2026","2026-02-06",12,"2830.46000000","2286343.00","2826.23000000","0.149669","4.555561","Flat","ETH-6FEB26"
"471","65","27 Feb 2026","2026-02-27",33,"2835.55000000","34729487.00","2826.23000000","0.329768","3.649931","Flat","ETH-27FEB26"
"472","65","27 Mar 2026","2026-03-27",61,"2843.04000000","127494635.00","2826.23000000","0.594785","3.561399","Flat","ETH-27MAR26"
"473","65","26 Jun 2026","2026-06-26",152,"2869.06000000","52383130.00","2826.23000000","1.515446","3.641558","Contango","ETH-26JUN26"
"474","65","25 Sep 2026","2026-09-25",243,"2897.15000000","23563652.00","2826.23000000","2.509350","3.771770","Contango","ETH-25SEP26"
"475","65","25 Dec 2026","2026-12-25",334,"2928.34000000","5361734.00","2826.23000000","3.612940","3.950977","Contango","ETH-25DEC26"
"476","66","30 Jan 2026","2026-01-30",5,"86702.68000000","183081740.00","86667.44000000","0.040661","2.970299","Flat","BTC-30JAN26"
"477","66","06 Feb 2026","2026-02-06",12,"86787.86000000","1391000.00","86667.44000000","0.138945","4.229136","Flat","BTC-6FEB26"
"478","66","27 Feb 2026","2026-02-27",33,"86960.14000000","113564340.00","86667.44000000","0.337728","3.738032","Flat","BTC-27FEB26"
"479","66","27 Mar 2026","2026-03-27",61,"87337.23000000","451715450.00","86667.44000000","0.772828","4.627464","Flat","BTC-27MAR26"
"480","66","26 Jun 2026","2026-06-26",152,"88325.55000000","196228240.00","86667.44000000","1.913187","4.597312","Contango","BTC-26JUN26"
"481","66","25 Sep 2026","2026-09-25",243,"89484.30000000","103914020.00","86667.44000000","3.250194","4.885323","Contango","BTC-25SEP26"
"482","66","25 Dec 2026","2026-12-25",334,"90731.93000000","30196370.00","86667.44000000","4.689754","5.128541","Contango","BTC-25DEC26"
"483","67","30 Jan 2026","2026-01-30",4,"2900.96000000","26692589.00","2900.58000000","0.013101","1.196269","Flat","ETH-30JAN26"
"484","67","06 Feb 2026","2026-02-06",11,"2902.76000000","1797318.00","2900.58000000","0.075157","2.495567","Flat","ETH-6FEB26"
"485","67","27 Feb 2026","2026-02-27",32,"2908.89000000","34876618.00","2900.58000000","0.286494","3.270065","Flat","ETH-27FEB26"
"486","67","27 Mar 2026","2026-03-27",60,"2917.30000000","131337589.00","2900.58000000","0.576436","3.509057","Flat","ETH-27MAR26"
"487","67","26 Jun 2026","2026-06-26",151,"2943.57000000","52477432.00","2900.58000000","1.482117","3.585055","Contango","ETH-26JUN26"
"488","67","25 Sep 2026","2026-09-25",242,"2972.22000000","23490851.00","2900.58000000","2.469851","3.727740","Contango","ETH-25SEP26"
"489","67","25 Dec 2026","2026-12-25",333,"3002.59000000","5473185.00","2900.58000000","3.516883","3.857482","Contango","ETH-25DEC26"
"490","68","30 Jan 2026","2026-01-30",4,"87795.44000000","177705720.00","87727.70000000","0.077216","7.050805","Flat","BTC-30JAN26"
"491","68","06 Feb 2026","2026-02-06",11,"87853.37000000","1856280.00","87727.70000000","0.143250","4.756554","Flat","BTC-6FEB26"
"492","68","27 Feb 2026","2026-02-27",32,"88095.46000000","126329600.00","87727.70000000","0.419206","4.784846","Flat","BTC-27FEB26"
"493","68","27 Mar 2026","2026-03-27",60,"88427.58000000","453583730.00","87727.70000000","0.797787","4.856527","Flat","BTC-27MAR26"
"494","68","26 Jun 2026","2026-06-26",151,"89359.61000000","197711420.00","87727.70000000","1.860199","4.499588","Contango","BTC-26JUN26"
"495","68","25 Sep 2026","2026-09-25",242,"90498.23000000","103714610.00","87727.70000000","3.158102","4.766515","Contango","BTC-25SEP26"
"496","68","25 Dec 2026","2026-12-25",333,"91773.67000000","31118200.00","87727.70000000","4.611964","5.058618","Contango","BTC-25DEC26"
